linked_account_id;subtree id; description;org
5100;1;££;d5789445-11e3-4ad6-9297-b56521675114
5100;2;¤ν© ονκο΅;d5789445-11e3-4ad6-9297-b56521675114
5100;3;¦Ά ©Ά;d5789445-11e3-4ad6-9297-b56521675114
5100;4;§νΆ κθΆ ομ ;d5789445-11e3-4ad6-9297-b56521675114
5100;5;«Ά §ι ¬οθΆ;d5789445-11e3-4ad6-9297-b56521675114
5100;6;κ­©οε «Ά©¥΅;d5789445-11e3-4ad6-9297-b56521675114
5100;7;«Ά¬©Ά μλ§«ο΅;d5789445-11e3-4ad6-9297-b56521675114
5100;8;­ι¥ ν­ολ΅;d5789445-11e3-4ad6-9297-b56521675114
5100;9;γιλΆ;d5789445-11e3-4ad6-9297-b56521675114
5100;10;κ­©οε ηκ΅ ( «θλ );d5789445-11e3-4ad6-9297-b56521675114
5100;11;θ©κοΆ;d5789445-11e3-4ad6-9297-b56521675114
5100;12;ι§©΅ ικ©θο΅;d5789445-11e3-4ad6-9297-b56521675114
5100;13; ©ο§;d5789445-11e3-4ad6-9297-b56521675114
5100;14;¥ΰν© κ›Άκ©;d5789445-11e3-4ad6-9297-b56521675114
5100;15;κ­©οε Ά«ο«;d5789445-11e3-4ad6-9297-b56521675114
5100;16;Ά­©ο¥ ¥ε© ( ©«νκ ¥θνκο΅);d5789445-11e3-4ad6-9297-b56521675114
5100;17; λθο΅;d5789445-11e3-4ad6-9297-b56521675114
5100;18; νεο΅ νΰοε΅;d5789445-11e3-4ad6-9297-b56521675114
5100;19;ΆκολΆ ¤Άκγο΅;d5789445-11e3-4ad6-9297-b56521675114
5100;20;Άνογ ιΆθιοε ικ¬Ά©θ΅;d5789445-11e3-4ad6-9297-b56521675114
5100;21;Άκολ ι§ο ιδο©;d5789445-11e3-4ad6-9297-b56521675114
5100;22;Ά ©γΆ;d5789445-11e3-4ad6-9297-b56521675114
5100;23;§ν©Ά Ά§©ο ο΅;d5789445-11e3-4ad6-9297-b56521675114
5100;24;Ά«νομ ιΆ© μ ;d5789445-11e3-4ad6-9297-b56521675114
5100;25;¦­νκΆ γκι;d5789445-11e3-4ad6-9297-b56521675114
5100;26;κ­©οε Ά­νο©;d5789445-11e3-4ad6-9297-b56521675114
5100;27;κ­©οε Άιοενλ ν εθ« νλΆ;d5789445-11e3-4ad6-9297-b56521675114
5100;28;¤©§;d5789445-11e3-4ad6-9297-b56521675114
5100;29;κ­©οε ¤λ΅;d5789445-11e3-4ad6-9297-b56521675114
5100;30;¥«  ιξ;d5789445-11e3-4ad6-9297-b56521675114
5100;31;κ­©οε κλ ν ¥©«΅;d5789445-11e3-4ad6-9297-b56521675114
5100;32;¥νε;d5789445-11e3-4ad6-9297-b56521675114
5100;33;©¦κ;d5789445-11e3-4ad6-9297-b56521675114
5100;34;©«νκ ΆκολΆ;d5789445-11e3-4ad6-9297-b56521675114
5100;35;¬Ά©θΆ;d5789445-11e3-4ad6-9297-b56521675114
5100;36;κ­©οε «ε© ν λΆηι;d5789445-11e3-4ad6-9297-b56521675114
5100;37;«ο©Ά ι¬©θ΅;d5789445-11e3-4ad6-9297-b56521675114
5100;38;«ο©Ά κ›¤©΅;d5789445-11e3-4ad6-9297-b56521675114
5100;39;«ο©κοθ;d5789445-11e3-4ad6-9297-b56521675114
5100;40;­¤ ννο;d5789445-11e3-4ad6-9297-b56521675114
5100;41;αικ Ά;d5789445-11e3-4ad6-9297-b56521675114
5100;42;κ­©οε  ©κ¤ Ά¬δοι;d5789445-11e3-4ad6-9297-b56521675114
5100;43;κ­©οε γι¤;d5789445-11e3-4ad6-9297-b56521675114
5100;44;δ©κΆ;d5789445-11e3-4ad6-9297-b56521675114
5100;45;§κδ΅ Ά«γ;d5789445-11e3-4ad6-9297-b56521675114
5100;46;§κδ΅ Άλκο΅;d5789445-11e3-4ad6-9297-b56521675114
5100;47;κ ­ολ΅ ικνηγ ιιθΆ©νλο΅ νι ©κ¤;d5789445-11e3-4ad6-9297-b56521675114
5100;48;ηΰο΅;d5789445-11e3-4ad6-9297-b56521675114
5100;49;ινκ ν κμκΆ;d5789445-11e3-4ad6-9297-b56521675114
5100;50;κ©Ά Ά;d5789445-11e3-4ad6-9297-b56521675114
5100;51;κηνινλ;d5789445-11e3-4ad6-9297-b56521675114
5100;52;κθεΆ;d5789445-11e3-4ad6-9297-b56521675114
5100;53;κο΅;d5789445-11e3-4ad6-9297-b56521675114
5100;54;κ­©οε λβε΅;d5789445-11e3-4ad6-9297-b56521675114
5100;55;ληι νΆγΆοη;d5789445-11e3-4ad6-9297-b56521675114
5100;56;κ­©οε θμ© ;d5789445-11e3-4ad6-9297-b56521675114
5100;57;γλΆ;d5789445-11e3-4ad6-9297-b56521675114
5100;58;Ά¬ο©Ά «ε©;d5789445-11e3-4ad6-9297-b56521675114
5100;59;ληι κ¦ιεΆ;d5789445-11e3-4ad6-9297-b56521675114
5100;60; §ι γ¬΅;d5789445-11e3-4ad6-9297-b56521675114
5100;61;μ§ο;d5789445-11e3-4ad6-9297-b56521675114
5100;62;ο¤© ¬ηη;d5789445-11e3-4ad6-9297-b56521675114
5100;63;¦§κΆ κ›ηΆ΅;d5789445-11e3-4ad6-9297-b56521675114
5100;64;Ά­κοκΆ μλ§«ο΅;d5789445-11e3-4ad6-9297-b56521675114
5100;65;Ά«νοΆ κηνιολ;d5789445-11e3-4ad6-9297-b56521675114
5100;66;γκνιΆ ν«κ«©΅;d5789445-11e3-4ad6-9297-b56521675114
5100;67;κν§;d5789445-11e3-4ad6-9297-b56521675114
5100;68;γι;d5789445-11e3-4ad6-9297-b56521675114
5100;69;κ­©οε κολ;d5789445-11e3-4ad6-9297-b56521675114
5100;70;§μλΆ;d5789445-11e3-4ad6-9297-b56521675114
5100;71;©«νκ α©οη;d5789445-11e3-4ad6-9297-b56521675114
5100;72;κ­©οε κ«¥΅;d5789445-11e3-4ad6-9297-b56521675114
5100;73;§κδΆ;d5789445-11e3-4ad6-9297-b56521675114
5100;74;©«νκ ¤κ©θο΅;d5789445-11e3-4ad6-9297-b56521675114
5100;75;ΆγνοΰΆ;d5789445-11e3-4ad6-9297-b56521675114
5100;76;Άγ  κ©¤γολ;d5789445-11e3-4ad6-9297-b56521675114
5100;77;κλ¥μ §©«ομ;d5789445-11e3-4ad6-9297-b56521675114
5100;78;κ­©οε κγο©΅;d5789445-11e3-4ad6-9297-b56521675114
5100;79;ικλ ι­λγξ;d5789445-11e3-4ad6-9297-b56521675114
5100;80;ε©η Άηνοκ γκι΅;d5789445-11e3-4ad6-9297-b56521675114
5100;81; ©κ¤ ¤μ΅;d5789445-11e3-4ad6-9297-b56521675114
5100;82;κ­©οε «Ά¬©ξ;d5789445-11e3-4ad6-9297-b56521675114
5100;83;κ­©οε Ά¥­οι ¬οθΆ;d5789445-11e3-4ad6-9297-b56521675114
5100;84;§©«΅ κ¬©νγΆ;d5789445-11e3-4ad6-9297-b56521675114
5100;85;ιν¥Ά ©¬§ο΅;d5789445-11e3-4ad6-9297-b56521675114
5100;86;κλ¥΅ κνιν§;d5789445-11e3-4ad6-9297-b56521675114
5100;87;κθΆ  ι«Ά¬©ξ;d5789445-11e3-4ad6-9297-b56521675114
5100;88;«Ά© ©«ο΅;d5789445-11e3-4ad6-9297-b56521675114
5100;89;αικ ΅ κομ;d5789445-11e3-4ad6-9297-b56521675114
5100;90;«νι©;d5789445-11e3-4ad6-9297-b56521675114
5100;91;¦©«λ΅ ¤μ΅;d5789445-11e3-4ad6-9297-b56521675114
5100;92;κλ¥ γκιολ;d5789445-11e3-4ad6-9297-b56521675114
5100;93;§κδ΅ μλ§«ο΅;d5789445-11e3-4ad6-9297-b56521675114
5100;94;§κδ΅ Άα οηο΅;d5789445-11e3-4ad6-9297-b56521675114
5100;95;§κδ΅ γ§ο΅;d5789445-11e3-4ad6-9297-b56521675114
5100;96;§κδ΅ ΰεο΅;d5789445-11e3-4ad6-9297-b56521675114
5100;97;Ά¤μο ν­  δ©ε ιΆεΆο¬;d5789445-11e3-4ad6-9297-b56521675114
5100;98;γκι΅ δο© κλΆβκ΅;d5789445-11e3-4ad6-9297-b56521675114
5100;99;­λ§νη Ά¥ο κ­©;d5789445-11e3-4ad6-9297-b56521675114
5100;100;¦­νκΆ «Ά¬©ξ;d5789445-11e3-4ad6-9297-b56521675114
5100;101;§κδ΅ Άνηογ;d5789445-11e3-4ad6-9297-b56521675114
5100;102;§κδ΅ ιΆ¥§ ικ­©ξ ιιΆ¬οο§;d5789445-11e3-4ad6-9297-b56521675114
5100;103;ΰκλ λμο 5%;d5789445-11e3-4ad6-9297-b56521675114
5100;104;Άλκομ κν©§;d5789445-11e3-4ad6-9297-b56521675114
5100;105;¦¬ ;d5789445-11e3-4ad6-9297-b56521675114
5100;106;Ά¦ιο­ ν©η;d5789445-11e3-4ad6-9297-b56521675114
5100;107;κ­©οε κλ+ «ικμ ;d5789445-11e3-4ad6-9297-b56521675114
5100;108;¤«Ά ιΆ© μ;d5789445-11e3-4ad6-9297-b56521675114
5100;109;κ¬Ά©οΆ λη§ μ;d5789445-11e3-4ad6-9297-b56521675114
5100;110;"¦©ανκ  ι«Άθ 3""";d5789445-11e3-4ad6-9297-b56521675114
5100;111;κολ ;d5789445-11e3-4ad6-9297-b56521675114
5100;112;ε©κ¤μ;d5789445-11e3-4ad6-9297-b56521675114
5100;113;«μ©μ «Ά¬©ο;d5789445-11e3-4ad6-9297-b56521675114
5100;114;ο¤© ιν§©;d5789445-11e3-4ad6-9297-b56521675114
5100;115;μ©«;d5789445-11e3-4ad6-9297-b56521675114
5100;116; ©κοι;d5789445-11e3-4ad6-9297-b56521675114
5100;117;Ά¥©ο ;d5789445-11e3-4ad6-9297-b56521675114
5100;118;λ£©οΆ γκμ γιο ικνηγ;d5789445-11e3-4ad6-9297-b56521675114
5100;119;ο¤© νλ¬;d5789445-11e3-4ad6-9297-b56521675114
5100;120;«ο©Ά ι¤μ;d5789445-11e3-4ad6-9297-b56521675114
5100;121;ε©κ¤μ;d5789445-11e3-4ad6-9297-b56521675114
5100;122;ηκα;d5789445-11e3-4ad6-9297-b56521675114
5100;123;ο¤© νο;d5789445-11e3-4ad6-9297-b56521675114
5100;124;μ;d5789445-11e3-4ad6-9297-b56521675114
5100;125;αν ;d5789445-11e3-4ad6-9297-b56521675114
5100;126;μοιΆο;d5789445-11e3-4ad6-9297-b56521675114
5100;127;¦λ;d5789445-11e3-4ad6-9297-b56521675114
5100;128;κΆν© κομ θμ© ;d5789445-11e3-4ad6-9297-b56521675114
5100;129; ©§ν©μ;d5789445-11e3-4ad6-9297-b56521675114
5100;130;λΆ©ινθ;d5789445-11e3-4ad6-9297-b56521675114
5100;131;§θθ;d5789445-11e3-4ad6-9297-b56521675114
5100;132;«ο©μ ι«Ά¬©ο;d5789445-11e3-4ad6-9297-b56521675114
5100;133; λολ ;d5789445-11e3-4ad6-9297-b56521675114
5100;134;κν©§ολ;d5789445-11e3-4ad6-9297-b56521675114
5100;135;γκνιμ ¦α  ιΰκλ;d5789445-11e3-4ad6-9297-b56521675114
5100;136;θ©ελ;d5789445-11e3-4ad6-9297-b56521675114
5100;137;«κλΆ;d5789445-11e3-4ad6-9297-b56521675114
5100;138;©κι΅;d5789445-11e3-4ad6-9297-b56521675114
5100;139;¥§ο§;d5789445-11e3-4ad6-9297-b56521675114
22103;1093;κ¥κ§ ¦ιε ( η©κο§ );d5789445-11e3-4ad6-9297-b56521675114
22103;1094;λ§ξ θ©οΆι;d5789445-11e3-4ad6-9297-b56521675114
22103;1095;μλξ ιλ¤©;d5789445-11e3-4ad6-9297-b56521675114
22103;1096;¥κ§΅ γ §ιγι (  ¦οΆ ) ;d5789445-11e3-4ad6-9297-b56521675114
22103;1097;­ ©ξ γ §ικγαξ;d5789445-11e3-4ad6-9297-b56521675114
22103;1098;γ §ι©¥κλ;d5789445-11e3-4ad6-9297-b56521675114
22103;1099;κ¥κ§ ¤κι;d5789445-11e3-4ad6-9297-b56521675114
22103;1100;κ¥κ§ ¬¥Ά΅ ( νγκ© );d5789445-11e3-4ad6-9297-b56521675114
22103;1101;κ¥κ§ ­ ©ξ;d5789445-11e3-4ad6-9297-b56521675114
22103;1102;κ¥κν§ ι¥§§;d5789445-11e3-4ad6-9297-b56521675114
22103;1103;κλΆ­©;d5789445-11e3-4ad6-9297-b56521675114
22103;1104;ο«ολ ¥ε©;d5789445-11e3-4ad6-9297-b56521675114
22103;1105;γιξ κ¥κ§ ¦ιοι;d5789445-11e3-4ad6-9297-b56521675114
22103;1106;κ¥κ§ ©κΰλ;d5789445-11e3-4ad6-9297-b56521675114
22103;1107; ©μοκ γ §ιιαοε;d5789445-11e3-4ad6-9297-b56521675114
22103;1108;μ¬κ ιθμ© ο;d5789445-11e3-4ad6-9297-b56521675114
22103;1109;©κξ κηνι ι λ;d5789445-11e3-4ad6-9297-b56521675114
22103;1110;κ¥κ§ γ §ι¤ν§;d5789445-11e3-4ad6-9297-b56521675114
22103;1111;«γο§ ¥«λ;d5789445-11e3-4ad6-9297-b56521675114
22103;1112;­ ©ξ θκι ( κηνι κ¥©μ ) ;d5789445-11e3-4ad6-9297-b56521675114
22103;1113;εΆ¥ξ §ο  κηνι κ¥©μ;d5789445-11e3-4ad6-9297-b56521675114
22103;1114;γιξ ε©¤;d5789445-11e3-4ad6-9297-b56521675114
22103;1115; ν γκ©;d5789445-11e3-4ad6-9297-b56521675114
22103;1116;θ©κ ιλ¥Ά ;d5789445-11e3-4ad6-9297-b56521675114
22103;1117;ι«ο§ ©¤ ;d5789445-11e3-4ad6-9297-b56521675114
22103;1118;¦ι§ ¬κι «γ§;d5789445-11e3-4ad6-9297-b56521675114
22103;1119;κ­αεξ κ λξ;d5789445-11e3-4ad6-9297-b56521675114
22103;1120;γ §ιιμ  νο§;d5789445-11e3-4ad6-9297-b56521675114
22103;1121;ι«ο§ ε©διξ;d5789445-11e3-4ad6-9297-b56521675114
22103;1122;κ¥κ§  ©μοκ;d5789445-11e3-4ad6-9297-b56521675114
22103;1123; οε©¤©ολ ιιαημ ι¬κ«ομ ;d5789445-11e3-4ad6-9297-b56521675114
22103;1124;ικ«¥ «ικ;d5789445-11e3-4ad6-9297-b56521675114
22103;1125;κ¥κ§ κ¦Ά© λ¤©;d5789445-11e3-4ad6-9297-b56521675114
22103;1126;¥κ§ ¬θ©ο ( θμ©  );d5789445-11e3-4ad6-9297-b56521675114
22103;1127;οκλ ¥ινη;d5789445-11e3-4ad6-9297-b56521675114
22103;1128;¥κ§ ©¤  ιλη¬;d5789445-11e3-4ad6-9297-b56521675114
22103;1129;¥κ§ κ¥κν§ ©η ( θ©οΆι );d5789445-11e3-4ad6-9297-b56521675114
22103;1130;¥«κ ¥ινη;d5789445-11e3-4ad6-9297-b56521675114
22103;1131; ν γ §ιιμ;d5789445-11e3-4ad6-9297-b56521675114
22103;1132;γ §ι¥κο§;d5789445-11e3-4ad6-9297-b56521675114
22103;1133; ν¬γιλ;d5789445-11e3-4ad6-9297-b56521675114
22103;1134;¥κ§ γκ©;d5789445-11e3-4ad6-9297-b56521675114
22103;1135;¥κ§ γαε μ¤©«;d5789445-11e3-4ad6-9297-b56521675114
22103;1136;Άκ© ©¦κ;d5789445-11e3-4ad6-9297-b56521675114
22103;1137;γιξ ¥«λ - ι«ο§ ©¤  ιγι;d5789445-11e3-4ad6-9297-b56521675114
22103;1138; «κ ¥λ;d5789445-11e3-4ad6-9297-b56521675114
22103;1139;γ §ιθ©οκ;d5789445-11e3-4ad6-9297-b56521675114
22103;1140;κ¥κ§ ¦ι§ ι¥§§;d5789445-11e3-4ad6-9297-b56521675114
22103;1141;¥κ§ ¦κο«;d5789445-11e3-4ad6-9297-b56521675114
22103;1142;κ¥κ§  θ©;d5789445-11e3-4ad6-9297-b56521675114
22103;1143;εΆ¥ξ ηα ;d5789445-11e3-4ad6-9297-b56521675114
22103;1144; ν κ›κλ;d5789445-11e3-4ad6-9297-b56521675114
22103;1145;κ¥κ§ κγνΰ ©¦κ;d5789445-11e3-4ad6-9297-b56521675114
22103;1146;κ¥κν§ γ §ιιμ ©¦κ;d5789445-11e3-4ad6-9297-b56521675114
22103;1147;κ¥κ§ λ­© ε©κ¤μ;d5789445-11e3-4ad6-9297-b56521675114
22103;1148;ο«ολ μ©«;d5789445-11e3-4ad6-9297-b56521675114
22103;1149;ο«ολ ιν§©;d5789445-11e3-4ad6-9297-b56521675114
22103;1150;γ§ι ιν§© ι¤κι;d5789445-11e3-4ad6-9297-b56521675114
22103;1151;;d5789445-11e3-4ad6-9297-b56521675114
22103;1152;θ©κ   Ά;d5789445-11e3-4ad6-9297-b56521675114
22103;1153;¦ι§ ον  ο εο «ο;d5789445-11e3-4ad6-9297-b56521675114
22103;1154;κ¥κν§ γι;d5789445-11e3-4ad6-9297-b56521675114
22103;1155;κ¥κν§ ( θν©λο¬μ );d5789445-11e3-4ad6-9297-b56521675114
22103;1156;;d5789445-11e3-4ad6-9297-b56521675114
22103;1157;¥κ§ γαε κν©§ νκηνι ι¥ινη;d5789445-11e3-4ad6-9297-b56521675114
22103;1158;¦¬  ι¬©θμ;d5789445-11e3-4ad6-9297-b56521675114
22103;1159; ν κ›κλ;d5789445-11e3-4ad6-9297-b56521675114
22103;1160;κ¥κ§ κγνΰ ©¦κ;d5789445-11e3-4ad6-9297-b56521675114
22103;1144;κ¥κν§ γ §ιιμ ©¦κ;d5789445-11e3-4ad6-9297-b56521675114
22103;1145;κ¥κ§ λ­© ε©κ¤μ;d5789445-11e3-4ad6-9297-b56521675114
22103;1146;ο«ολ μ©«;d5789445-11e3-4ad6-9297-b56521675114
22103;1149;ο«ολ ιν§©;d5789445-11e3-4ad6-9297-b56521675114
22103;1150;γ§ι ιν§© ι¤κι;d5789445-11e3-4ad6-9297-b56521675114
22103;1151;θ©κ   Ά;d5789445-11e3-4ad6-9297-b56521675114
22103;1152;¦ι§ ον  ο εο «ο;d5789445-11e3-4ad6-9297-b56521675114
22103;1154;κ¥κν§ γι;d5789445-11e3-4ad6-9297-b56521675114
22103;1155;κ¥κν§ ( θν©λο¬μ );d5789445-11e3-4ad6-9297-b56521675114
22103;1156;¥κ§ γαε κν©§ νκηνι ι¥ινη;d5789445-11e3-4ad6-9297-b56521675114
22103;1157;¦¬  ι¬©θμ;d5789445-11e3-4ad6-9297-b56521675114
22103;1159;εοΆν;d5789445-11e3-4ad6-9297-b56521675114
22103;1160;¬©θ΅ ι­ι ΅;d5789445-11e3-4ad6-9297-b56521675114
22104;5174;¬©θ΅ ιδλοκξ;d5789445-11e3-4ad6-9297-b56521675114
22104;5175;¬©θ΅ ικ§ολ΅;d5789445-11e3-4ad6-9297-b56521675114
22104;5176;¬©θ΅ μοκθ«;d5789445-11e3-4ad6-9297-b56521675114
22104;5177;¬©θ΅ ικγκ© ιι¦©«λ΅ ι¤μ΅;d5789445-11e3-4ad6-9297-b56521675114
22104;5178;¬©θ΅ ιεΆ¥;d5789445-11e3-4ad6-9297-b56521675114
22104;5179;γ ιΆν©ο§Ά ιθμ© ;d5789445-11e3-4ad6-9297-b56521675114
22104;5180;κ­λγ ι¦ν΅ ιιαν  ι«κλΆξ;d5789445-11e3-4ad6-9297-b56521675114
22104;5181;¬©θ΅ ιαο ;d5789445-11e3-4ad6-9297-b56521675114
22104;5182;ιθνκξ ιι­ι ;d5789445-11e3-4ad6-9297-b56521675114
22104;5183;ι¬©νη ιι­ι ;d5789445-11e3-4ad6-9297-b56521675114
22104;5184;¬©θ΅ Ά¤©ν ;d5789445-11e3-4ad6-9297-b56521675114
22104;5185;¬©θ΅ λν© ι§ολ ιΆν©ο§ ιθμ© ;d5789445-11e3-4ad6-9297-b56521675114
22104;5186;ι©¥κμ ιΆν©ο§ ιαν ;d5789445-11e3-4ad6-9297-b56521675114
22104;5187;Ά ©θ ιι¦©«λ΅ ι¤μ΅;d5789445-11e3-4ad6-9297-b56521675114
22104;5188;ιγΆι ιι­ι ;d5789445-11e3-4ad6-9297-b56521675114
22104;5189;ιε Ά©«Ά ;d5789445-11e3-4ad6-9297-b56521675114
22104;5190;«ο©κοθ θοιν Ά©;d5789445-11e3-4ad6-9297-b56521675114
22104;5191; ν κιθ ( ©κι ) ;d5789445-11e3-4ad6-9297-b56521675114
22104;5192; λΆ©;d5789445-11e3-4ad6-9297-b56521675114
22104;5193;¥κ§ γαε ( κν©§ «κλΆ ) ;d5789445-11e3-4ad6-9297-b56521675114
22104;5194;εο¤ (ι§νιομ ιΆ¤©μ κν§ ι λ );d5789445-11e3-4ad6-9297-b56521675114
22104;5195;¥ν©«;d5789445-11e3-4ad6-9297-b56521675114
22104;5196;ενκ Άθ;d5789445-11e3-4ad6-9297-b56521675114
22104;5197;γ­κ ( « θμ );d5789445-11e3-4ad6-9297-b56521675114
22104;5198;ι «κι΅;d5789445-11e3-4ad6-9297-b56521675114
22104;5199;«κγοι κνοθν;d5789445-11e3-4ad6-9297-b56521675114
22104;5200;κ¥κ§ γο§;d5789445-11e3-4ad6-9297-b56521675114
22104;5201;ο©νλ εο«Ά;d5789445-11e3-4ad6-9297-b56521675114
22104;5202;ιΆ¥§ ιγ© ξ;d5789445-11e3-4ad6-9297-b56521675114
22104;5204;ιο«οθν;d5789445-11e3-4ad6-9297-b56521675114
22104;5205;¬©θ΅ ιμ§ξ;d5789445-11e3-4ad6-9297-b56521675114
22104;5206; ι¥κ§ «Άοι ¥κ§ γαε ( ι©ολ§ ) ;d5789445-11e3-4ad6-9297-b56521675114
22104;5207;γ §΅ ι¤©;d5789445-11e3-4ad6-9297-b56521675114
22104;5209;;d5789445-11e3-4ad6-9297-b56521675114
22104;5210;κ§κ γ΅;d5789445-11e3-4ad6-9297-b56521675114
22104;5211;¬©θμ ι©οκθ ιι«ιθ ιθμ© ομ;d5789445-11e3-4ad6-9297-b56521675114
22104;5212;ια¥λ;d5789445-11e3-4ad6-9297-b56521675114
22104;5213;οκλ ι©οκ«;d5789445-11e3-4ad6-9297-b56521675114
22104;5214;μλξ νοε « θμ;d5789445-11e3-4ad6-9297-b56521675114
22104;5215;κ©θ;d5789445-11e3-4ad6-9297-b56521675114
22104;5216; αο΅;d5789445-11e3-4ad6-9297-b56521675114
22104;5217;;d5789445-11e3-4ad6-9297-b56521675114
22104;5218;θ οΆι  ι«Ά;d5789445-11e3-4ad6-9297-b56521675114
22104;5219;ο«ολ ©κι ( ¥ιι);d5789445-11e3-4ad6-9297-b56521675114
22104;5220;¥κ§ γαε ©κιμ ;d5789445-11e3-4ad6-9297-b56521675114
22104;5221;κλ¬μ γ §ιη§© (ιι¥§ο§ );d5789445-11e3-4ad6-9297-b56521675114
22104;5222;γο§ «κλΆ ;d5789445-11e3-4ad6-9297-b56521675114
22104;5223;¦ι§  ι§ν©μ + λΆ©ινθ;d5789445-11e3-4ad6-9297-b56521675114
22104;5224;κ«μκξ ¥ο΅ θ©οκμ;d5789445-11e3-4ad6-9297-b56521675114
22104;5225;κ«μκο ¬©θμ ι ©θμ;d5789445-11e3-4ad6-9297-b56521675114
31001;50000;κ/κ¥κ§ κ¬©ε;d5789445-11e3-4ad6-9297-b56521675114
31001;50001;κο© «ο©μ κνηγ ;d5789445-11e3-4ad6-9297-b56521675114
31001;50002;κ­αεο κομ;d5789445-11e3-4ad6-9297-b56521675114
22104;70000;κ¥κ§ ενο;d5789445-11e3-4ad6-9297-b56521675114
22104;70001;μ©«  νκιθ;d5789445-11e3-4ad6-9297-b56521675114
22104;70002;ιν§©  νκιθ;d5789445-11e3-4ad6-9297-b56521675114
22104;70003;ιγκι κ­αεο;d5789445-11e3-4ad6-9297-b56521675114
22104;70004;κομ  ©μοκ;d5789445-11e3-4ad6-9297-b56521675114
22104;70005;κ¥κ§ ι«ν§λο γκιμ;d5789445-11e3-4ad6-9297-b56521675114
22104;70006;ιν§© ι¥§ο ομ;d5789445-11e3-4ad6-9297-b56521675114
22104;70007;¦Ά ©Ά Ά¥κοι ( ιμιι );d5789445-11e3-4ad6-9297-b56521675114
22104;70008;κ«Ά¦ι­ ιΆ¥©ο  ( νιο§ ) ;d5789445-11e3-4ad6-9297-b56521675114
22104;70009;ο§ θι©θ;d5789445-11e3-4ad6-9297-b56521675114
22104;70010;¥ε© ι­©ε;d5789445-11e3-4ad6-9297-b56521675114
22104;70011;κ¥κν§  ν¥κμ;d5789445-11e3-4ad6-9297-b56521675114
22104;70012;κ / κ¥κ§ θ©ο;d5789445-11e3-4ad6-9297-b56521675114
22104;70013;κ / κ©ν΅ ;d5789445-11e3-4ad6-9297-b56521675114
12304;20000;κ / κ¥κν§ γ¬ν©;d5789445-11e3-4ad6-9297-b56521675114
12304;20001;¥ομ θ©οκμ;d5789445-11e3-4ad6-9297-b56521675114
12304;20002;ικλ­ν©΅;d5789445-11e3-4ad6-9297-b56521675114
12304;20003;κλ ¦©¤ ικ¬©νγΆ ;d5789445-11e3-4ad6-9297-b56521675114
12304;20004;κλ κ¬©νγ  §©;d5789445-11e3-4ad6-9297-b56521675114
12304;20005;κμλ§« κ¥κ§ κ«γ§;d5789445-11e3-4ad6-9297-b56521675114
12304;20006;;d5789445-11e3-4ad6-9297-b56521675114
12304;20007;;d5789445-11e3-4ad6-9297-b56521675114
